item_id,donation_id,item_name,item_category,quantity,unit_of_measure,estimated_unit_value,intended_use,received_condition
1,5,School Supplies,SchoolMaterials,10,sets,779.49,Health,New
2,9,Bags,Food,16,packs,793.39,Shelter,Good
3,13,Medicines,Supplies,12,sets,774.73,Health,Good
4,15,Furniture,Medical,28,packs,318.23,Hygiene,New
5,27,Medicines,Hygiene,15,boxes,385.34,Education,New
6,30,Medicines,Food,13,kg,94.81,Health,Good
7,30,Blankets,Supplies,24,packs,219.11,Hygiene,New
8,39,Books,Clothing,24,sets,1123.96,Hygiene,Good
9,43,Bags,SchoolMaterials,23,kg,931.92,Education,New
10,43,Blankets,SchoolMaterials,15,sets,612.65,Hygiene,New
11,44,Medicines,SchoolMaterials,5,boxes,1045.38,Education,New
12,48,School Supplies,Furniture,17,boxes,45.13,Health,New
13,48,Books,Medical,1,pcs,943.77,Education,Good
14,51,Bags,Food,30,pcs,143.1,Health,New
15,51,Books,Supplies,18,sets,1072.69,Meals,New
16,60,Books,Hygiene,5,boxes,1195.2,Education,Fair
17,61,Blankets,SchoolMaterials,28,kg,1109.97,Shelter,New
18,65,School Supplies,Hygiene,27,pcs,1052.09,Hygiene,New
19,68,Rice,Supplies,21,packs,396.55,Health,Good
20,72,Books,Medical,1,packs,970.59,Hygiene,New
21,74,Hygiene Kits,Clothing,16,pcs,849.56,Hygiene,New
22,88,Medicines,Hygiene,1,packs,130.96,Health,New
23,97,Bags,Furniture,10,pcs,15.65,Education,New
24,103,Books,Hygiene,13,sets,276.74,Health,New
25,104,Bags,Supplies,1,boxes,1114.27,Hygiene,New
26,108,Uniforms,Medical,17,kg,186.35,Shelter,Good
27,114,Books,Supplies,10,sets,1089.17,Meals,New
28,115,Uniforms,SchoolMaterials,29,pcs,786.43,Shelter,New
29,115,Furniture,SchoolMaterials,18,kg,656.05,Hygiene,New
30,126,Books,Furniture,15,sets,144.24,Health,New
31,134,Furniture,Furniture,15,pcs,1027.36,Hygiene,Good
32,134,Bags,Food,30,boxes,436.06,Health,New
33,134,Medicines,Supplies,21,packs,76.61,Health,New
34,135,Uniforms,Clothing,21,boxes,1071.34,Shelter,New
35,138,Rice,Supplies,3,packs,741.11,Shelter,Good
36,140,Hygiene Kits,Medical,28,packs,888.48,Education,New
37,143,Hygiene Kits,Supplies,20,sets,591.09,Meals,New
38,143,Uniforms,Furniture,2,sets,171.26,Education,Good
39,146,Blankets,Clothing,4,packs,642.53,Hygiene,New
40,146,Rice,Food,12,packs,188.67,Shelter,New
41,149,Bags,Furniture,18,pcs,883.78,Hygiene,Good
42,154,Medicines,Furniture,16,pcs,31.33,Hygiene,New
43,154,Uniforms,Clothing,16,boxes,743.87,Hygiene,New
44,155,Rice,Supplies,4,kg,523.89,Shelter,New
45,155,Blankets,SchoolMaterials,13,pcs,733.87,Education,New
46,158,School Supplies,Medical,12,packs,82.28,Education,New
47,172,Uniforms,Supplies,8,pcs,618.13,Hygiene,New
48,181,Bags,Medical,29,packs,1074.09,Health,New
49,181,Books,Hygiene,3,pcs,266.64,Health,Fair
50,187,School Supplies,SchoolMaterials,20,pcs,584.27,Education,New
51,187,Rice,Food,20,packs,536.54,Meals,New
52,191,Bags,Clothing,2,sets,367.03,Health,New
53,191,Bags,Hygiene,8,pcs,576.51,Shelter,New
54,191,Bags,Food,24,sets,14.45,Education,New
55,194,School Supplies,Clothing,10,packs,416.08,Health,New
56,195,Furniture,SchoolMaterials,14,boxes,1138.03,Meals,New
57,204,Books,SchoolMaterials,10,kg,475.62,Health,Fair
58,210,Blankets,Food,4,packs,884.82,Education,Good
59,213,Hygiene Kits,Medical,13,packs,280.5,Health,Good
60,215,Medicines,SchoolMaterials,1,sets,361.19,Meals,New
61,215,Hygiene Kits,SchoolMaterials,26,boxes,886.66,Shelter,Good
62,221,School Supplies,Medical,16,pcs,475.72,Hygiene,Fair
63,222,Furniture,SchoolMaterials,21,boxes,71.71,Health,New
64,223,Bags,Clothing,18,packs,691.54,Education,New
65,226,Furniture,Furniture,16,pcs,307.76,Health,New
66,236,Medicines,Medical,19,kg,171.44,Education,Good
67,241,Blankets,Supplies,11,packs,275.27,Education,Good
68,244,Bags,Clothing,23,pcs,170.91,Education,New
69,247,School Supplies,Hygiene,5,boxes,1153.28,Shelter,New
70,247,Medicines,SchoolMaterials,10,boxes,449.71,Meals,New
71,248,Bags,Hygiene,4,boxes,587.61,Education,Fair
72,249,Bags,Medical,10,boxes,1011.08,Health,New
73,249,School Supplies,Supplies,28,sets,658.36,Health,New
74,257,School Supplies,Food,13,sets,1062.28,Shelter,New
75,257,Furniture,Furniture,20,packs,1151.16,Health,Good
76,259,Hygiene Kits,Furniture,1,boxes,169.22,Health,Good
77,263,Furniture,Hygiene,3,pcs,666.67,Health,New
78,263,Rice,Food,21,boxes,956.67,Education,Fair
79,264,Furniture,SchoolMaterials,1,kg,13.68,Education,New
80,265,Rice,Medical,30,pcs,128.67,Education,New
81,268,Books,Hygiene,27,sets,322.52,Meals,New
82,270,Uniforms,Furniture,21,boxes,1126.79,Meals,Good
83,273,Hygiene Kits,Clothing,27,kg,74.46,Hygiene,New
84,273,School Supplies,Clothing,24,kg,352.54,Education,Good
85,275,Furniture,Food,12,boxes,1015.6,Shelter,Good
86,285,Rice,Supplies,11,pcs,615.11,Health,New
87,287,Rice,Hygiene,13,kg,695.28,Shelter,New
88,287,Books,Clothing,20,kg,33.86,Hygiene,Good
89,292,Rice,Hygiene,4,pcs,808.85,Shelter,New
90,292,Medicines,Supplies,24,packs,376.49,Meals,New
91,293,Medicines,Clothing,12,packs,388.92,Education,New
92,298,Bags,Supplies,11,sets,731.53,Education,New
93,298,Blankets,Medical,7,kg,102.56,Health,Good
94,299,Rice,Clothing,15,boxes,706.58,Health,New
95,304,Medicines,SchoolMaterials,29,packs,878.9,Hygiene,New
96,306,Furniture,Food,22,sets,1009.03,Hygiene,New
97,308,Books,Clothing,16,boxes,1050.44,Hygiene,Fair
98,308,Blankets,Furniture,29,sets,1165.36,Meals,New
99,309,Rice,Medical,13,kg,189.09,Health,New
100,312,Books,Furniture,7,kg,1008.32,Meals,New
101,312,Hygiene Kits,SchoolMaterials,12,sets,355.82,Shelter,New
102,313,Books,SchoolMaterials,29,boxes,474.27,Hygiene,New
103,313,School Supplies,SchoolMaterials,4,sets,851.19,Meals,New
104,313,Medicines,SchoolMaterials,7,kg,174.74,Meals,New
105,315,Medicines,Supplies,18,kg,910.39,Meals,Good
106,320,Furniture,Medical,4,kg,86.03,Education,New
107,322,Furniture,Food,18,pcs,776.36,Hygiene,New
108,327,Books,Clothing,14,sets,187.34,Meals,Good
109,331,Rice,Hygiene,15,boxes,88.6,Shelter,New
110,337,Furniture,Clothing,22,packs,658.92,Meals,New
111,337,School Supplies,Supplies,20,pcs,596.36,Meals,New
112,342,Hygiene Kits,Clothing,17,boxes,455.07,Shelter,New
113,342,Uniforms,Medical,14,packs,578.05,Shelter,New
114,348,School Supplies,Supplies,5,pcs,109.62,Shelter,New
115,348,Rice,Medical,18,pcs,653.14,Health,New
116,349,Blankets,Supplies,10,packs,813.7,Hygiene,New
117,356,Bags,Clothing,25,sets,334.07,Education,Fair
118,367,Furniture,Medical,15,packs,1007.62,Health,New
119,385,Medicines,SchoolMaterials,16,packs,778.65,Education,New
120,386,Uniforms,Food,11,kg,793.8,Shelter,Good
121,388,Furniture,Food,1,packs,125.76,Health,Good
122,389,Uniforms,Clothing,21,pcs,794.85,Health,Fair
123,393,Books,Supplies,28,kg,212.68,Meals,New
124,397,Books,Furniture,3,kg,135.87,Shelter,New
125,402,Furniture,Medical,21,boxes,129.71,Hygiene,New
126,410,Blankets,Hygiene,7,boxes,727.26,Education,New
127,414,Rice,Supplies,12,pcs,329.96,Meals,New
128,419,Medicines,Medical,25,kg,677.44,Hygiene,New
129,420,Bags,Supplies,27,pcs,525.15,Education,Good
130,425,School Supplies,SchoolMaterials,10,sets,779.49,Health,New
131,429,Bags,Food,16,packs,793.39,Shelter,Good
132,433,Medicines,Supplies,12,sets,774.73,Health,Good
133,435,Furniture,Medical,28,packs,318.23,Hygiene,New
134,447,Medicines,Hygiene,15,boxes,385.34,Education,New
135,450,Medicines,Food,13,kg,94.81,Health,Good
136,450,Blankets,Supplies,24,packs,219.11,Hygiene,New
137,459,Books,Clothing,24,sets,1123.96,Hygiene,Good
138,463,Bags,SchoolMaterials,23,kg,931.92,Education,New
139,463,Blankets,SchoolMaterials,15,sets,612.65,Hygiene,New
140,464,Medicines,SchoolMaterials,5,boxes,1045.38,Education,New
141,468,School Supplies,Furniture,17,boxes,45.13,Health,New
142,468,Books,Medical,1,pcs,943.77,Education,Good
143,471,Bags,Food,30,pcs,143.1,Health,New
144,471,Books,Supplies,18,sets,1072.69,Meals,New
145,480,Books,Hygiene,5,boxes,1195.2,Education,Fair
146,481,Blankets,SchoolMaterials,28,kg,1109.97,Shelter,New
147,485,School Supplies,Hygiene,27,pcs,1052.09,Hygiene,New
148,488,Rice,Supplies,21,packs,396.55,Health,Good
149,492,Books,Medical,1,packs,970.59,Hygiene,New
150,494,Hygiene Kits,Clothing,16,pcs,849.56,Hygiene,New
151,508,Medicines,Hygiene,1,packs,130.96,Health,New
152,517,Bags,Furniture,10,pcs,15.65,Education,New
153,523,Books,Hygiene,13,sets,276.74,Health,New
154,524,Bags,Supplies,1,boxes,1114.27,Hygiene,New
155,528,Uniforms,Medical,17,kg,186.35,Shelter,Good
156,534,Books,Supplies,10,sets,1089.17,Meals,New
157,535,Uniforms,SchoolMaterials,29,pcs,786.43,Shelter,New
158,535,Furniture,SchoolMaterials,18,kg,656.05,Hygiene,New
159,546,Books,Furniture,15,sets,144.24,Health,New
160,554,Furniture,Furniture,15,pcs,1027.36,Hygiene,Good
161,554,Bags,Food,30,boxes,436.06,Health,New
162,554,Medicines,Supplies,21,packs,76.61,Health,New
163,555,Uniforms,Clothing,21,boxes,1071.34,Shelter,New
164,558,Rice,Supplies,3,packs,741.11,Shelter,Good
165,560,Hygiene Kits,Medical,28,packs,888.48,Education,New
166,563,Hygiene Kits,Supplies,20,sets,591.09,Meals,New
167,563,Uniforms,Furniture,2,sets,171.26,Education,Good
168,566,Blankets,Clothing,4,packs,642.53,Hygiene,New
169,566,Rice,Food,12,packs,188.67,Shelter,New
170,569,Bags,Furniture,18,pcs,883.78,Hygiene,Good
171,574,Medicines,Furniture,16,pcs,31.33,Hygiene,New
172,574,Uniforms,Clothing,16,boxes,743.87,Hygiene,New
173,575,Rice,Supplies,4,kg,523.89,Shelter,New
174,575,Blankets,SchoolMaterials,13,pcs,733.87,Education,New
175,578,School Supplies,Medical,12,packs,82.28,Education,New
176,592,Uniforms,Supplies,8,pcs,618.13,Hygiene,New
177,601,Bags,Medical,29,packs,1074.09,Health,New
178,601,Books,Hygiene,3,pcs,266.64,Health,Fair
179,607,School Supplies,SchoolMaterials,20,pcs,584.27,Education,New
180,607,Rice,Food,20,packs,536.54,Meals,New
181,611,Bags,Clothing,2,sets,367.03,Health,New
182,611,Bags,Hygiene,8,pcs,576.51,Shelter,New
183,611,Bags,Food,24,sets,14.45,Education,New
184,614,School Supplies,Clothing,10,packs,416.08,Health,New
185,615,Furniture,SchoolMaterials,14,boxes,1138.03,Meals,New
186,624,Books,SchoolMaterials,10,kg,475.62,Health,Fair
187,630,Blankets,Food,4,packs,884.82,Education,Good
188,633,Hygiene Kits,Medical,13,packs,280.5,Health,Good
189,635,Medicines,SchoolMaterials,1,sets,361.19,Meals,New
190,635,Hygiene Kits,SchoolMaterials,26,boxes,886.66,Shelter,Good
191,641,School Supplies,Medical,16,pcs,475.72,Hygiene,Fair
192,642,Furniture,SchoolMaterials,21,boxes,71.71,Health,New
193,643,Bags,Clothing,18,packs,691.54,Education,New
194,646,Furniture,Furniture,16,pcs,307.76,Health,New
195,656,Medicines,Medical,19,kg,171.44,Education,Good
196,661,Blankets,Supplies,11,packs,275.27,Education,Good
197,664,Bags,Clothing,23,pcs,170.91,Education,New
198,667,School Supplies,Hygiene,5,boxes,1153.28,Shelter,New
199,667,Medicines,SchoolMaterials,10,boxes,449.71,Meals,New
200,668,Bags,Hygiene,4,boxes,587.61,Education,Fair
201,669,Bags,Medical,10,boxes,1011.08,Health,New
202,669,School Supplies,Supplies,28,sets,658.36,Health,New
203,677,School Supplies,Food,13,sets,1062.28,Shelter,New
204,677,Furniture,Furniture,20,packs,1151.16,Health,Good
205,679,Hygiene Kits,Furniture,1,boxes,169.22,Health,Good
206,683,Furniture,Hygiene,3,pcs,666.67,Health,New
207,683,Rice,Food,21,boxes,956.67,Education,Fair
208,684,Furniture,SchoolMaterials,1,kg,13.68,Education,New
209,685,Rice,Medical,30,pcs,128.67,Education,New
210,688,Books,Hygiene,27,sets,322.52,Meals,New
211,690,Uniforms,Furniture,21,boxes,1126.79,Meals,Good
212,693,Hygiene Kits,Clothing,27,kg,74.46,Hygiene,New
213,693,School Supplies,Clothing,24,kg,352.54,Education,Good
214,695,Furniture,Food,12,boxes,1015.6,Shelter,Good
215,705,Rice,Supplies,11,pcs,615.11,Health,New
216,707,Rice,Hygiene,13,kg,695.28,Shelter,New
217,707,Books,Clothing,20,kg,33.86,Hygiene,Good
218,712,Rice,Hygiene,4,pcs,808.85,Shelter,New
219,712,Medicines,Supplies,24,packs,376.49,Meals,New
220,713,Medicines,Clothing,12,packs,388.92,Education,New
221,718,Bags,Supplies,11,sets,731.53,Education,New
222,718,Blankets,Medical,7,kg,102.56,Health,Good
223,719,Rice,Clothing,15,boxes,706.58,Health,New
224,724,Medicines,SchoolMaterials,29,packs,878.9,Hygiene,New
225,726,Furniture,Food,22,sets,1009.03,Hygiene,New
226,728,Books,Clothing,16,boxes,1050.44,Hygiene,Fair
227,728,Blankets,Furniture,29,sets,1165.36,Meals,New
228,729,Rice,Medical,13,kg,189.09,Health,New
229,732,Books,Furniture,7,kg,1008.32,Meals,New
230,732,Hygiene Kits,SchoolMaterials,12,sets,355.82,Shelter,New
231,733,Books,SchoolMaterials,29,boxes,474.27,Hygiene,New
232,733,School Supplies,SchoolMaterials,4,sets,851.19,Meals,New
233,733,Medicines,SchoolMaterials,7,kg,174.74,Meals,New
234,735,Medicines,Supplies,18,kg,910.39,Meals,Good
235,740,Furniture,Medical,4,kg,86.03,Education,New
236,742,Furniture,Food,18,pcs,776.36,Hygiene,New
237,747,Books,Clothing,14,sets,187.34,Meals,Good
238,751,Rice,Hygiene,15,boxes,88.6,Shelter,New
239,757,Furniture,Clothing,22,packs,658.92,Meals,New
240,757,School Supplies,Supplies,20,pcs,596.36,Meals,New
241,762,Hygiene Kits,Clothing,17,boxes,455.07,Shelter,New
242,762,Uniforms,Medical,14,packs,578.05,Shelter,New
243,768,School Supplies,Supplies,5,pcs,109.62,Shelter,New
244,768,Rice,Medical,18,pcs,653.14,Health,New
245,769,Blankets,Supplies,10,packs,813.7,Hygiene,New
246,776,Bags,Clothing,25,sets,334.07,Education,Fair
247,787,Furniture,Medical,15,packs,1007.62,Health,New
248,805,Medicines,SchoolMaterials,16,packs,778.65,Education,New
249,806,Uniforms,Food,11,kg,793.8,Shelter,Good
250,808,Furniture,Food,1,packs,125.76,Health,Good
251,809,Uniforms,Clothing,21,pcs,794.85,Health,Fair
252,813,Books,Supplies,28,kg,212.68,Meals,New
253,817,Books,Furniture,3,kg,135.87,Shelter,New
254,822,Furniture,Medical,21,boxes,129.71,Hygiene,New
255,830,Blankets,Hygiene,7,boxes,727.26,Education,New
256,834,Rice,Supplies,12,pcs,329.96,Meals,New
257,839,Medicines,Medical,25,kg,677.44,Hygiene,New
258,840,Bags,Supplies,27,pcs,525.15,Education,Good
259,845,School Supplies,SchoolMaterials,10,sets,779.49,Health,New
260,849,Bags,Food,16,packs,793.39,Shelter,Good
261,853,Medicines,Supplies,12,sets,774.73,Health,Good
262,855,Furniture,Medical,28,packs,318.23,Hygiene,New
263,867,Medicines,Hygiene,15,boxes,385.34,Education,New
264,870,Medicines,Food,13,kg,94.81,Health,Good
265,870,Blankets,Supplies,24,packs,219.11,Hygiene,New
266,879,Books,Clothing,24,sets,1123.96,Hygiene,Good
267,883,Bags,SchoolMaterials,23,kg,931.92,Education,New
268,883,Blankets,SchoolMaterials,15,sets,612.65,Hygiene,New
269,884,Medicines,SchoolMaterials,5,boxes,1045.38,Education,New
270,888,School Supplies,Furniture,17,boxes,45.13,Health,New
271,888,Books,Medical,1,pcs,943.77,Education,Good
272,891,Bags,Food,30,pcs,143.1,Health,New
273,891,Books,Supplies,18,sets,1072.69,Meals,New
274,900,Books,Hygiene,5,boxes,1195.2,Education,Fair
275,901,Blankets,SchoolMaterials,28,kg,1109.97,Shelter,New
276,905,School Supplies,Hygiene,27,pcs,1052.09,Hygiene,New
277,908,Rice,Supplies,21,packs,396.55,Health,Good
278,912,Books,Medical,1,packs,970.59,Hygiene,New
279,914,Hygiene Kits,Clothing,16,pcs,849.56,Hygiene,New
280,928,Medicines,Hygiene,1,packs,130.96,Health,New
281,937,Bags,Furniture,10,pcs,15.65,Education,New
282,943,Books,Hygiene,13,sets,276.74,Health,New
283,944,Bags,Supplies,1,boxes,1114.27,Hygiene,New
284,948,Uniforms,Medical,17,kg,186.35,Shelter,Good
285,954,Books,Supplies,10,sets,1089.17,Meals,New
286,955,Uniforms,SchoolMaterials,29,pcs,786.43,Shelter,New
287,955,Furniture,SchoolMaterials,18,kg,656.05,Hygiene,New
288,966,Books,Furniture,15,sets,144.24,Health,New
289,974,Furniture,Furniture,15,pcs,1027.36,Hygiene,Good
290,974,Bags,Food,30,boxes,436.06,Health,New
291,974,Medicines,Supplies,21,packs,76.61,Health,New
292,975,Uniforms,Clothing,21,boxes,1071.34,Shelter,New
293,978,Rice,Supplies,3,packs,741.11,Shelter,Good
294,980,Hygiene Kits,Medical,28,packs,888.48,Education,New
295,983,Hygiene Kits,Supplies,20,sets,591.09,Meals,New
296,983,Uniforms,Furniture,2,sets,171.26,Education,Good
297,986,Blankets,Clothing,4,packs,642.53,Hygiene,New
298,986,Rice,Food,12,packs,188.67,Shelter,New
299,989,Bags,Furniture,18,pcs,883.78,Hygiene,Good
300,994,Medicines,Furniture,16,pcs,31.33,Hygiene,New
301,994,Uniforms,Clothing,16,boxes,743.87,Hygiene,New
302,995,Rice,Supplies,4,kg,523.89,Shelter,New
303,995,Blankets,SchoolMaterials,13,pcs,733.87,Education,New
304,998,School Supplies,Medical,12,packs,82.28,Education,New
305,1012,Uniforms,Supplies,8,pcs,618.13,Hygiene,New
306,1021,Bags,Medical,29,packs,1074.09,Health,New
307,1021,Books,Hygiene,3,pcs,266.64,Health,Fair
308,1027,School Supplies,SchoolMaterials,20,pcs,584.27,Education,New
309,1027,Rice,Food,20,packs,536.54,Meals,New
310,1031,Bags,Clothing,2,sets,367.03,Health,New
311,1031,Bags,Hygiene,8,pcs,576.51,Shelter,New
312,1031,Bags,Food,24,sets,14.45,Education,New
313,1034,School Supplies,Clothing,10,packs,416.08,Health,New
314,1035,Furniture,SchoolMaterials,14,boxes,1138.03,Meals,New
315,1044,Books,SchoolMaterials,10,kg,475.62,Health,Fair
316,1050,Blankets,Food,4,packs,884.82,Education,Good
317,1053,Hygiene Kits,Medical,13,packs,280.5,Health,Good
318,1055,Medicines,SchoolMaterials,1,sets,361.19,Meals,New
319,1055,Hygiene Kits,SchoolMaterials,26,boxes,886.66,Shelter,Good
320,1061,School Supplies,Medical,16,pcs,475.72,Hygiene,Fair
321,1062,Furniture,SchoolMaterials,21,boxes,71.71,Health,New
322,1063,Bags,Clothing,18,packs,691.54,Education,New
323,1066,Furniture,Furniture,16,pcs,307.76,Health,New
324,1076,Medicines,Medical,19,kg,171.44,Education,Good
325,1081,Blankets,Supplies,11,packs,275.27,Education,Good
326,1084,Bags,Clothing,23,pcs,170.91,Education,New
327,1087,School Supplies,Hygiene,5,boxes,1153.28,Shelter,New
328,1087,Medicines,SchoolMaterials,10,boxes,449.71,Meals,New
329,1088,Bags,Hygiene,4,boxes,587.61,Education,Fair
330,1089,Bags,Medical,10,boxes,1011.08,Health,New
331,1089,School Supplies,Supplies,28,sets,658.36,Health,New
332,1097,School Supplies,Food,13,sets,1062.28,Shelter,New
333,1097,Furniture,Furniture,20,packs,1151.16,Health,Good
334,1099,Hygiene Kits,Furniture,1,boxes,169.22,Health,Good
335,1103,Furniture,Hygiene,3,pcs,666.67,Health,New
336,1103,Rice,Food,21,boxes,956.67,Education,Fair
337,1104,Furniture,SchoolMaterials,1,kg,13.68,Education,New
338,1105,Rice,Medical,30,pcs,128.67,Education,New
339,1108,Books,Hygiene,27,sets,322.52,Meals,New
340,1110,Uniforms,Furniture,21,boxes,1126.79,Meals,Good
341,1113,Hygiene Kits,Clothing,27,kg,74.46,Hygiene,New
342,1113,School Supplies,Clothing,24,kg,352.54,Education,Good
343,1115,Furniture,Food,12,boxes,1015.6,Shelter,Good
344,1125,Rice,Supplies,11,pcs,615.11,Health,New
345,1127,Rice,Hygiene,13,kg,695.28,Shelter,New
346,1127,Books,Clothing,20,kg,33.86,Hygiene,Good
347,1132,Rice,Hygiene,4,pcs,808.85,Shelter,New
348,1132,Medicines,Supplies,24,packs,376.49,Meals,New
349,1133,Medicines,Clothing,12,packs,388.92,Education,New
350,1138,Bags,Supplies,11,sets,731.53,Education,New
351,1138,Blankets,Medical,7,kg,102.56,Health,Good
352,1139,Rice,Clothing,15,boxes,706.58,Health,New
353,1144,Medicines,SchoolMaterials,29,packs,878.9,Hygiene,New
354,1146,Furniture,Food,22,sets,1009.03,Hygiene,New
355,1148,Books,Clothing,16,boxes,1050.44,Hygiene,Fair
356,1148,Blankets,Furniture,29,sets,1165.36,Meals,New
357,1149,Rice,Medical,13,kg,189.09,Health,New
358,1152,Books,Furniture,7,kg,1008.32,Meals,New
359,1152,Hygiene Kits,SchoolMaterials,12,sets,355.82,Shelter,New
360,1153,Books,SchoolMaterials,29,boxes,474.27,Hygiene,New
361,1153,School Supplies,SchoolMaterials,4,sets,851.19,Meals,New
362,1153,Medicines,SchoolMaterials,7,kg,174.74,Meals,New
363,1155,Medicines,Supplies,18,kg,910.39,Meals,Good
364,1160,Furniture,Medical,4,kg,86.03,Education,New
365,1162,Furniture,Food,18,pcs,776.36,Hygiene,New
366,1167,Books,Clothing,14,sets,187.34,Meals,Good
367,1171,Rice,Hygiene,15,boxes,88.6,Shelter,New
368,1177,Furniture,Clothing,22,packs,658.92,Meals,New
369,1177,School Supplies,Supplies,20,pcs,596.36,Meals,New
370,1182,Hygiene Kits,Clothing,17,boxes,455.07,Shelter,New
371,1182,Uniforms,Medical,14,packs,578.05,Shelter,New
372,1188,School Supplies,Supplies,5,pcs,109.62,Shelter,New
373,1188,Rice,Medical,18,pcs,653.14,Health,New
374,1189,Blankets,Supplies,10,packs,813.7,Hygiene,New
375,1196,Bags,Clothing,25,sets,334.07,Education,Fair
376,1207,Furniture,Medical,15,packs,1007.62,Health,New
377,1225,Medicines,SchoolMaterials,16,packs,778.65,Education,New
378,1226,Uniforms,Food,11,kg,793.8,Shelter,Good
379,1228,Furniture,Food,1,packs,125.76,Health,Good
380,1229,Uniforms,Clothing,21,pcs,794.85,Health,Fair
381,1233,Books,Supplies,28,kg,212.68,Meals,New
382,1237,Books,Furniture,3,kg,135.87,Shelter,New
383,1242,Furniture,Medical,21,boxes,129.71,Hygiene,New
384,1250,Blankets,Hygiene,7,boxes,727.26,Education,New
385,1254,Rice,Supplies,12,pcs,329.96,Meals,New
386,1259,Medicines,Medical,25,kg,677.44,Hygiene,New
387,1260,Bags,Supplies,27,pcs,525.15,Education,Good
388,1265,School Supplies,SchoolMaterials,10,sets,779.49,Health,New
389,1269,Bags,Food,16,packs,793.39,Shelter,Good
390,1273,Medicines,Supplies,12,sets,774.73,Health,Good
391,1275,Furniture,Medical,28,packs,318.23,Hygiene,New
392,1287,Medicines,Hygiene,15,boxes,385.34,Education,New
393,1290,Medicines,Food,13,kg,94.81,Health,Good
394,1290,Blankets,Supplies,24,packs,219.11,Hygiene,New
395,1299,Books,Clothing,24,sets,1123.96,Hygiene,Good
396,1303,Bags,SchoolMaterials,23,kg,931.92,Education,New
397,1303,Blankets,SchoolMaterials,15,sets,612.65,Hygiene,New
398,1304,Medicines,SchoolMaterials,5,boxes,1045.38,Education,New
399,1308,School Supplies,Furniture,17,boxes,45.13,Health,New
400,1308,Books,Medical,1,pcs,943.77,Education,Good
401,1311,Bags,Food,30,pcs,143.1,Health,New
402,1311,Books,Supplies,18,sets,1072.69,Meals,New
403,1320,Books,Hygiene,5,boxes,1195.2,Education,Fair
404,1321,Blankets,SchoolMaterials,28,kg,1109.97,Shelter,New
405,1325,School Supplies,Hygiene,27,pcs,1052.09,Hygiene,New
406,1328,Rice,Supplies,21,packs,396.55,Health,Good
407,1332,Books,Medical,1,packs,970.59,Hygiene,New
408,1334,Hygiene Kits,Clothing,16,pcs,849.56,Hygiene,New
409,1348,Medicines,Hygiene,1,packs,130.96,Health,New
410,1357,Bags,Furniture,10,pcs,15.65,Education,New
411,1363,Books,Hygiene,13,sets,276.74,Health,New
412,1364,Bags,Supplies,1,boxes,1114.27,Hygiene,New
413,1368,Uniforms,Medical,17,kg,186.35,Shelter,Good
414,1374,Books,Supplies,10,sets,1089.17,Meals,New
415,1375,Uniforms,SchoolMaterials,29,pcs,786.43,Shelter,New
416,1375,Furniture,SchoolMaterials,18,kg,656.05,Hygiene,New
417,1386,Books,Furniture,15,sets,144.24,Health,New
418,1394,Furniture,Furniture,15,pcs,1027.36,Hygiene,Good
419,1394,Bags,Food,30,boxes,436.06,Health,New
420,1394,Medicines,Supplies,21,packs,76.61,Health,New
421,1395,Uniforms,Clothing,21,boxes,1071.34,Shelter,New
422,1398,Rice,Supplies,3,packs,741.11,Shelter,Good
423,1400,Hygiene Kits,Medical,28,packs,888.48,Education,New
424,1403,Hygiene Kits,Supplies,20,sets,591.09,Meals,New
425,1403,Uniforms,Furniture,2,sets,171.26,Education,Good
426,1406,Blankets,Clothing,4,packs,642.53,Hygiene,New
427,1406,Rice,Food,12,packs,188.67,Shelter,New
428,1409,Bags,Furniture,18,pcs,883.78,Hygiene,Good
429,1414,Medicines,Furniture,16,pcs,31.33,Hygiene,New
430,1414,Uniforms,Clothing,16,boxes,743.87,Hygiene,New
431,1415,Rice,Supplies,4,kg,523.89,Shelter,New
432,1415,Blankets,SchoolMaterials,13,pcs,733.87,Education,New
433,1418,School Supplies,Medical,12,packs,82.28,Education,New
434,1432,Uniforms,Supplies,8,pcs,618.13,Hygiene,New
435,1441,Bags,Medical,29,packs,1074.09,Health,New
436,1441,Books,Hygiene,3,pcs,266.64,Health,Fair
437,1447,School Supplies,SchoolMaterials,20,pcs,584.27,Education,New
438,1447,Rice,Food,20,packs,536.54,Meals,New
439,1451,Bags,Clothing,2,sets,367.03,Health,New
440,1451,Bags,Hygiene,8,pcs,576.51,Shelter,New
441,1451,Bags,Food,24,sets,14.45,Education,New
442,1454,School Supplies,Clothing,10,packs,416.08,Health,New
443,1455,Furniture,SchoolMaterials,14,boxes,1138.03,Meals,New
444,1464,Books,SchoolMaterials,10,kg,475.62,Health,Fair
445,1470,Blankets,Food,4,packs,884.82,Education,Good
446,1473,Hygiene Kits,Medical,13,packs,280.5,Health,Good
447,1475,Medicines,SchoolMaterials,1,sets,361.19,Meals,New
448,1475,Hygiene Kits,SchoolMaterials,26,boxes,886.66,Shelter,Good
449,1481,School Supplies,Medical,16,pcs,475.72,Hygiene,Fair
450,1482,Furniture,SchoolMaterials,21,boxes,71.71,Health,New
451,1483,Bags,Clothing,18,packs,691.54,Education,New
452,1486,Furniture,Furniture,16,pcs,307.76,Health,New
453,1496,Medicines,Medical,19,kg,171.44,Education,Good
454,1501,Blankets,Supplies,11,packs,275.27,Education,Good
455,1504,Bags,Clothing,23,pcs,170.91,Education,New
456,1507,School Supplies,Hygiene,5,boxes,1153.28,Shelter,New
457,1507,Medicines,SchoolMaterials,10,boxes,449.71,Meals,New
458,1508,Bags,Hygiene,4,boxes,587.61,Education,Fair
459,1509,Bags,Medical,10,boxes,1011.08,Health,New
460,1509,School Supplies,Supplies,28,sets,658.36,Health,New
461,1517,School Supplies,Food,13,sets,1062.28,Shelter,New
462,1517,Furniture,Furniture,20,packs,1151.16,Health,Good
463,1519,Hygiene Kits,Furniture,1,boxes,169.22,Health,Good
464,1523,Furniture,Hygiene,3,pcs,666.67,Health,New
465,1523,Rice,Food,21,boxes,956.67,Education,Fair
466,1524,Furniture,SchoolMaterials,1,kg,13.68,Education,New
467,1525,Rice,Medical,30,pcs,128.67,Education,New
468,1528,Books,Hygiene,27,sets,322.52,Meals,New
469,1530,Uniforms,Furniture,21,boxes,1126.79,Meals,Good
470,1533,Hygiene Kits,Clothing,27,kg,74.46,Hygiene,New
471,1533,School Supplies,Clothing,24,kg,352.54,Education,Good
472,1535,Furniture,Food,12,boxes,1015.6,Shelter,Good
473,1545,Rice,Supplies,11,pcs,615.11,Health,New
474,1547,Rice,Hygiene,13,kg,695.28,Shelter,New
475,1547,Books,Clothing,20,kg,33.86,Hygiene,Good
476,1552,Rice,Hygiene,4,pcs,808.85,Shelter,New
477,1552,Medicines,Supplies,24,packs,376.49,Meals,New
478,1553,Medicines,Clothing,12,packs,388.92,Education,New
479,1558,Bags,Supplies,11,sets,731.53,Education,New
480,1558,Blankets,Medical,7,kg,102.56,Health,Good
481,1559,Rice,Clothing,15,boxes,706.58,Health,New
482,1564,Medicines,SchoolMaterials,29,packs,878.9,Hygiene,New
483,1566,Furniture,Food,22,sets,1009.03,Hygiene,New
484,1568,Books,Clothing,16,boxes,1050.44,Hygiene,Fair
485,1568,Blankets,Furniture,29,sets,1165.36,Meals,New
486,1569,Rice,Medical,13,kg,189.09,Health,New
487,1572,Books,Furniture,7,kg,1008.32,Meals,New
488,1572,Hygiene Kits,SchoolMaterials,12,sets,355.82,Shelter,New
489,1573,Books,SchoolMaterials,29,boxes,474.27,Hygiene,New
490,1573,School Supplies,SchoolMaterials,4,sets,851.19,Meals,New
491,1573,Medicines,SchoolMaterials,7,kg,174.74,Meals,New
492,1575,Medicines,Supplies,18,kg,910.39,Meals,Good
493,1580,Furniture,Medical,4,kg,86.03,Education,New
494,1582,Furniture,Food,18,pcs,776.36,Hygiene,New
495,1587,Books,Clothing,14,sets,187.34,Meals,Good
496,1591,Rice,Hygiene,15,boxes,88.6,Shelter,New
497,1597,Furniture,Clothing,22,packs,658.92,Meals,New
498,1597,School Supplies,Supplies,20,pcs,596.36,Meals,New
499,1602,Hygiene Kits,Clothing,17,boxes,455.07,Shelter,New
500,1602,Uniforms,Medical,14,packs,578.05,Shelter,New
501,1608,School Supplies,Supplies,5,pcs,109.62,Shelter,New
502,1608,Rice,Medical,18,pcs,653.14,Health,New
503,1609,Blankets,Supplies,10,packs,813.7,Hygiene,New
504,1616,Bags,Clothing,25,sets,334.07,Education,Fair
505,1627,Furniture,Medical,15,packs,1007.62,Health,New
506,1645,Medicines,SchoolMaterials,16,packs,778.65,Education,New
507,1646,Uniforms,Food,11,kg,793.8,Shelter,Good
508,1648,Furniture,Food,1,packs,125.76,Health,Good
509,1649,Uniforms,Clothing,21,pcs,794.85,Health,Fair
510,1653,Books,Supplies,28,kg,212.68,Meals,New
511,1657,Books,Furniture,3,kg,135.87,Shelter,New
512,1662,Furniture,Medical,21,boxes,129.71,Hygiene,New
513,1670,Blankets,Hygiene,7,boxes,727.26,Education,New
514,1674,Rice,Supplies,12,pcs,329.96,Meals,New
515,1679,Medicines,Medical,25,kg,677.44,Hygiene,New
516,1680,Bags,Supplies,27,pcs,525.15,Education,Good
